top_k,case_id,retrieved_ids,evidence_format_pass,evidence_ids,evidence_ids_in_retrieved_context,evidence_points_to_expected_source
1,typical_1,1,false,1,true,true
1,typical_2,0,false,0,true,true
1,typical_3,2,false,2,true,true
1,typical_4,4,false,4,true,true
1,typical_5,5,false,5,true,true
1,edge_1,3,false,3,true,true
1,edge_2,6,false,6,true,true
1,edge_3,7,false,7,true,true
1,adversarial_1,8,false,8,true,true
1,adversarial_2,9,false,9,true,true
2,typical_1,"1,9",false,1,true,true
2,typical_2,"0,9",false,0,true,true
2,typical_3,"2,0",false,2,true,true
2,typical_4,"4,5",false,4,true,true
2,typical_5,"5,4",false,5,true,true
2,edge_1,"3,4",false,3,true,true
2,edge_2,"6,5",false,6,true,true
2,edge_3,"7,5",false,7,true,true
2,adversarial_1,"8,5",false,8,true,true
2,adversarial_2,"9,6",false,9,true,true
